,Goal Difference,Flow Centrality,Team PlayeRank,MaxEigenvalue,Connectivity,Clustering Coefficient,Shortest-path Length
0,1.0,0.04322981746107831,-0.06196296387583991,0.19414522134833884,-0.11819389817579276,0.20859220404741388,-0.16391768831642806
1,0.04322981746107831,1.0,-0.03968652811804128,0.8395885764306816,0.2902007992525557,0.8032607506291717,-0.7682459787722946
2,-0.06196296387583991,-0.03968652811804128,1.0,-0.16609140911279707,0.755949125773559,-0.11796327142268623,-0.11456470133522964
3,0.19414522134833886,0.8395885764306816,-0.16609140911279707,1.0,0.2685342237427495,0.9671736513841777,-0.8365247838932051
4,-0.11819389817579275,0.2902007992525557,0.755949125773559,0.26853422374274954,1.0,0.2978606996853155,-0.43738031471058264
5,0.20859220404741388,0.8032607506291717,-0.11796327142268624,0.9671736513841777,0.2978606996853155,1.0,-0.8328044643834117
6,-0.16391768831642806,-0.7682459787722946,-0.11456470133522964,-0.8365247838932051,-0.4373803147105827,-0.8328044643834117,1.0
