,Goal Difference,Flow Centrality,Team PlayeRank,MaxEigenvalue,Connectivity,Clustering Coefficient,Shortest-path Length
0,0.9999999999999999,0.0062223789490271604,-0.02259713072927318,0.1535131245756369,-0.06682654315443712,0.1610835742268549,-0.12016038578317015
1,0.0062223789490271604,0.9999999999999997,0.11433736988104154,0.858795883801493,0.27461890315983184,0.8384767191219373,-0.805007334962079
2,-0.02259713072927318,0.11433736988104154,1.0,0.1089332000699554,0.6896072385857446,0.1591376486331389,-0.025947781679198298
3,0.1535131245756369,0.858795883801493,0.1089332000699554,1.0,0.2647819951066181,0.976851027909136,-0.8742199117654527
4,-0.06682654315443712,0.27461890315983184,0.6896072385857446,0.2647819951066181,0.9999999999999999,0.32316936313974265,-0.3092993128877009
5,0.1610835742268549,0.8384767191219373,0.1591376486331389,0.976851027909136,0.32316936313974265,1.0,-0.8707404686919199
6,-0.12016038578317015,-0.805007334962079,-0.025947781679198298,-0.8742199117654527,-0.3092993128877009,-0.8707404686919199,1.0
