,TimeSpan,Flow Centrality
0,1,4.645238095238095
1,2,2.557142857142857
2,3,5.690079365079366
3,4,1.0
4,5,3.1
5,6,4.997619047619048
6,7,6.412698412698413
7,8,6.730952380952381
