,TimeSpan,Flow Centrality
0,1,4.40948495948496
1,2,4.1385620915032675
2,3,4.058857808857809
3,4,6.583333333333333
4,5,4.8550061050061055
5,6,6.5329617750670375
6,7,4.650229182582123
7,8,4.366666666666667
