,TimeSpan,Flow Centrality
0,1,4.115384615384616
1,2,4.840860446742799
2,3,4.460497835497836
3,4,1.2
4,5,6.821583726730785
5,6,5.556529581529581
6,7,7.089232336291159
7,8,5.333333333333333
