,TimeSpan,Flow Centrality
0,1,6.696742988693453
1,2,7.79298493187812
2,3,6.418628234510587
3,4,0.0
4,5,6.041666666666666
5,6,4.47005772005772
6,7,4.123426573426573
7,8,2.4555555555555557
