,TimeSpan,Flow Centrality
0,1,5.123015873015873
1,2,6.291576479076479
2,3,4.161065323565323
3,4,5.0
4,5,4.772727272727272
5,6,4.836309523809524
6,7,6.355430242272347
7,8,4.5
