,TimeSpan,Flow Centrality
0,1,4.680838605838606
1,2,5.551984126984127
2,3,3.301984126984127
3,4,1.0
4,5,4.181704260651629
5,6,3.4084457209457213
6,7,4.342264353293765
7,8,2.8666666666666667
