,TimeSpan,Flow Centrality
0,1,7.337114067301508
1,2,6.473961332784862
2,3,5.342724269194857
3,4,0.0
4,5,7.121694890077243
5,6,2.943290043290043
6,7,6.137085137085137
7,8,2.9785714285714286
