,TimeSpan,Flow Centrality
0,1,5.553027455001139
1,2,5.493181818181818
2,3,5.1213190404366875
3,4,0.8333333333333333
4,5,4.973053335553336
5,6,5.499968413939003
6,7,6.316021916679812
7,8,4.083333333333333
