,TimeSpan,Flow Centrality
0,1,6.113850992488763
1,2,5.61625074272133
2,3,5.808951866846604
3,4,7.333333333333333
4,5,6.231697061108826
5,6,6.535134310134311
6,7,6.983215407855332
7,8,6.35
