,TimeSpan,Flow Centrality
0,1,6.924200064641241
1,2,6.621840659340659
2,3,5.5634199134199145
3,4,0.0
4,5,4.813777888777889
5,6,6.147949393601568
6,7,5.770129870129869
7,8,3.0
