,TimeSpan,Flow Centrality
0,1,5.828920017890607
1,2,5.191071428571429
2,3,5.995378151260504
3,4,2.5
4,5,5.703571428571428
5,6,5.237029637029638
6,7,5.183333333333334
7,8,6.371428571428571
