,TimeSpan,Flow Centrality
0,1,5.547847985347985
1,2,6.66060606060606
2,3,6.545103667290367
3,4,3.0
4,5,6.7848084886128355
5,6,6.420864661654136
6,7,7.084722222222222
7,8,4.833333333333333
