,TimeSpan,Flow Centrality
0,1,4.599404761904763
1,2,4.682359307359308
2,3,4.98484326131385
3,4,1.0
4,5,5.591883116883117
5,6,6.475595238095238
6,7,5.658730158730158
7,8,5.75
