,TimeSpan,Flow Centrality
0,1,5.673287660052366
1,2,5.002884615384615
2,3,5.301678876678877
3,4,0.5
4,5,5.271735209235209
5,6,5.484950262156144
6,7,4.661638361638363
7,8,1.1666666666666667
