,TimeSpan,Flow Centrality
0,1,5.757864357864358
1,2,5.178349428349428
2,3,4.861693861693862
3,4,2.333333333333333
4,5,5.290566378066378
5,6,6.615284715284715
6,7,4.575174825174826
7,8,3.1666666666666665
