,TimeSpan,Flow Centrality
0,1,5.948879551820728
1,2,6.488305322128851
2,3,6.3353370663153274
3,4,4.866666666666667
4,5,5.360819735819735
5,6,6.576763432645786
6,7,4.662751464222053
7,8,3.2166666666666663
