,TimeSpan,Flow Centrality
0,1,6.256087050204697
1,2,5.379425837320574
2,3,6.167844436265488
3,4,2.5
4,5,4.1209595959595955
5,6,5.598381370091896
6,7,5.7166135034556085
7,8,5.3880952380952385
