,TimeSpan,Flow Centrality
0,1,6.119988344988345
1,2,6.676906426906427
2,3,7.203750742721331
3,4,3.5
4,5,4.652108104313987
5,6,5.174120616225879
6,7,5.810889110889111
7,8,3.25
