,TimeSpan,Flow Centrality
0,1,6.190472109589757
1,2,6.190760709878356
2,3,6.965888278388278
3,4,5.0
4,5,6.231746031746032
5,6,5.809761072261073
6,7,4.152886002886003
7,8,4.269047619047619
