,TimeSpan,Flow Centrality
0,1,3.9461017740429507
1,2,4.691311139840551
2,3,5.542929292929293
3,4,6.25
4,5,4.887863606981254
5,6,6.5223692973692975
6,7,5.523795648795649
7,8,7.466666666666667
