,TimeSpan,Flow Centrality
0,1,4.862104562104562
1,2,5.8925967823026655
2,3,5.192557360939714
3,4,2.833333333333333
4,5,5.686507936507937
5,6,3.894028194028194
6,7,2.900213675213675
7,8,3.133333333333333
