,TimeSpan,Flow Centrality
0,1,7.275720590039475
1,2,6.395216491380174
2,3,5.832323232323233
3,4,1.1666666666666665
4,5,6.32014652014652
5,6,6.731523378582202
6,7,4.963247863247864
7,8,2.2
