,TimeSpan,Flow Centrality
0,1,5.5196137000806305
1,2,5.720075846043889
2,3,5.381084401175674
3,4,2.716239316239316
4,5,5.18774607020152
5,6,5.3564431343856045
6,7,5.134047423234031
7,8,3.7949641526564606
