,TimeSpan,Flow Centrality
0,1,6.417437533227008
1,2,4.881196581196582
2,3,6.409102301207564
3,4,1.5
4,5,7.188816738816738
5,6,6.573374011609306
6,7,6.390043290043291
7,8,5.214285714285714
