,TimeSpan,Flow Centrality
0,1,7.001144688644688
1,2,6.830555555555556
2,3,6.347218712659888
3,4,4.833333333333333
4,5,4.361677538148126
5,6,6.155433455433456
6,7,7.146208693267517
7,8,5.938095238095238
