,TimeSpan,Flow Centrality
0,1,4.683469308469308
1,2,6.377236652236652
2,3,4.094047619047618
3,4,3.0
4,5,5.875624375624375
5,6,5.911688311688312
6,7,3.41984126984127
7,8,1.722222222222222
