,TimeSpan,Flow Centrality
0,1,6.143334786240965
1,2,6.911427461427461
2,3,5.273093573093573
3,4,1.75
4,5,5.4129857071033545
5,6,6.026127819548872
6,7,4.155419743655037
7,8,5.361538461538461
