,TimeSpan,Flow Centrality
0,1,6.137434342926334
1,2,6.974323225793815
2,3,6.868106893106893
3,4,7.0
4,5,5.358712121212121
5,6,4.502014652014652
6,7,5.2518939393939394
7,8,1.8928571428571428
