,TimeSpan,Flow Centrality
0,1,6.312942612942614
1,2,7.91075166663402
2,3,7.22294266191325
3,4,3.7
4,5,5.33044733044733
5,6,7.643385536032595
6,7,4.997330447330447
7,8,3.1666666666666665
