,TimeSpan,Flow Centrality
0,1,6.497916794136002
1,2,6.956778002699055
2,3,5.00254329004329
3,4,6.1
4,5,5.012626262626263
5,6,4.905952380952382
6,7,4.25961073240485
7,8,6.283333333333333
