,TimeSpan,Flow Centrality
0,1,5.979909632850809
1,2,6.214113990584579
2,3,6.232783882783883
3,4,2.0
4,5,2.446085858585859
5,6,5.733193277310924
6,7,6.756733462615815
7,8,8.533333333333333
