,TimeSpan,Flow Centrality
0,1,5.317712842712843
1,2,5.645626595626596
2,3,3.1822954822954825
3,4,0.0
4,5,3.7984848484848484
5,6,4.156021756021756
6,7,7.32851396969044
7,8,2.0
