,TimeSpan,Flow Centrality
0,1,4.284126984126984
1,2,3.369155844155844
2,3,3.023015873015873
3,4,2.0
4,5,3.587789987789988
5,6,3.975693750693751
6,7,3.557142857142857
7,8,1.0
