,TimeSpan,Flow Centrality
0,1,5.112222222222223
1,2,6.678354978354979
2,3,7.431794512676865
3,4,0.0
4,5,5.5055555555555555
5,6,5.495803706097823
6,7,3.732936507936508
7,8,3.166666666666667
