,TimeSpan,Flow Centrality
0,1,4.7914141414141405
1,2,6.733836996336996
2,3,4.94004329004329
3,4,1.0
4,5,6.011105561105561
5,6,4.770764031290346
6,7,4.260335497835498
7,8,3.0
