,TimeSpan,Flow Centrality
0,1,5.639837939837939
1,2,4.7365079365079366
2,3,6.734343434343435
3,4,3.5333333333333337
4,5,7.03730264833206
5,6,5.464743589743589
6,7,7.415123034859876
7,8,0.0
