,TimeSpan,Flow Centrality
0,1,5.6030303030303035
1,2,6.184715284715285
2,3,5.153787878787879
3,4,5.95
4,5,6.80492318139377
5,6,4.041666666666667
6,7,4.010622710622711
7,8,3.033333333333333
