,TimeSpan,Flow Centrality
0,1,6.6998556998557
1,2,7.524352863675114
2,3,5.5494494153936875
3,4,4.166666666666666
4,5,4.994966583124477
5,6,6.491561255595783
6,7,3.911219336219336
7,8,2.8976190476190475
