,TimeSpan,Flow Centrality
0,1,5.0375679875679875
1,2,5.345885323826501
2,3,5.5408668129256355
3,4,1.0
4,5,4.779365079365079
5,6,5.584920634920634
6,7,4.561144411144411
7,8,1.9166666666666665
