,TimeSpan,Team PlayeRank
0,1,0.0819294675682264
1,2,0.08222954745548511
2,3,0.0
3,4,0.0
4,5,0.07870725534706022
5,6,0.0
6,7,0.06814160453230064
7,8,0.07969900046453193
