,TimeSpan,Team PlayeRank
0,1,0.07662363218060055
1,2,0.0
2,3,0.0
3,4,0.0
4,5,0.0
5,6,0.07054444684813758
6,7,0.07757574626597083
7,8,0.0
