,TimeSpan,Team PlayeRank
0,1,0.07578562777282566
1,2,0.08505539566878678
2,3,0.09092548837417701
3,4,0.0
4,5,0.0
5,6,0.0
6,7,0.06704720565806106
7,8,0.0
