,TimeSpan,Team PlayeRank
0,1,0.0
1,2,0.07639149248092124
2,3,0.0
3,4,0.0
4,5,0.07067307910541407
5,6,0.07545253179660967
6,7,0.0
7,8,0.0
