,TimeSpan,Team PlayeRank
0,1,0.0
1,2,0.08698897757637353
2,3,0.07950892446936628
3,4,0.0
4,5,0.07764055742686188
5,6,0.0
6,7,0.08591748119592958
7,8,0.0
