,TimeSpan,Team PlayeRank
0,1,0.06781359490860353
1,2,0.07517691260687547
2,3,0.08056523148698407
3,4,0.0
4,5,0.0
5,6,0.07696525101185203
6,7,0.0
7,8,0.0794960605654756
