,TimeSpan,Team PlayeRank
0,1,0.0
1,2,0.07087219066720812
2,3,0.07878029829023582
3,4,0.0
4,5,0.07768277964397811
5,6,0.07633533314984835
6,7,0.0775890115356116
7,8,0.0
