,TimeSpan,Team PlayeRank
0,1,0.06861402543863737
1,2,0.08003842521238351
2,3,0.06928835899264635
3,4,0.1291708342090747
4,5,0.0
5,6,0.0
6,7,0.0
7,8,0.0
