,TimeSpan,Team PlayeRank
0,1,0.07658018342252874
1,2,0.07451800332117196
2,3,0.07740054093693426
3,4,0.0
4,5,0.07143520252921419
5,6,0.06613492443022405
6,7,0.0
7,8,0.0
