,TimeSpan,Team PlayeRank
0,1,0.08198367433308808
1,2,0.06978901325911982
2,3,0.0788518107310409
3,4,0.0
4,5,0.0
5,6,0.08123032047595546
6,7,0.0
7,8,0.0
