,TimeSpan,Team PlayeRank
0,1,0.0
1,2,0.0
2,3,0.0
3,4,0.0
4,5,0.08206824060547854
5,6,0.0
6,7,0.08205911812304639
7,8,0.0
