,TimeSpan,Team PlayeRank
0,1,0.07318417934573426
1,2,0.0
2,3,0.07547658966796204
3,4,0.0
4,5,0.0
5,6,0.0
6,7,0.0694277326562723
7,8,0.0
