,TimeSpan,Team PlayeRank
0,1,0.0
1,2,0.07786685303774883
2,3,0.0
3,4,0.0
4,5,0.07846907950259897
5,6,0.0
6,7,0.0
7,8,0.0
