,TimeSpan,Team PlayeRank
0,1,0.07936595401835385
1,2,0.07571669839746585
2,3,0.0
3,4,0.0
4,5,0.0
5,6,0.08005215206228433
6,7,0.07826034886688779
7,8,0.0984913118724356
