,TimeSpan,Team PlayeRank
0,1,0.08712174926220283
1,2,0.08625890431377453
2,3,0.0
3,4,0.0
4,5,0.08713068772613153
5,6,0.09058930531794156
6,7,0.08494612726389
7,8,0.0
