,TimeSpan,Team PlayeRank
0,1,0.0
1,2,0.08105108558000951
2,3,0.07806771640871064
3,4,0.0
4,5,0.07862921564827174
5,6,0.0
6,7,0.0
7,8,0.23784142300054423
