,TimeSpan,Team PlayeRank
0,1,0.0
1,2,0.07775875321799955
2,3,0.06805689680235405
3,4,0.2
4,5,0.06886350661813471
5,6,0.06770476175727262
6,7,0.0
7,8,0.23570226039551584
