,TimeSpan,Team PlayeRank
0,1,0.07877932816668347
1,2,0.07549941337562645
2,3,0.07734278824155376
3,4,0.0
4,5,0.0
5,6,0.07587102712953979
6,7,0.0
7,8,0.0
