,TimeSpan,Team PlayeRank
0,1,0.0787503611463626
1,2,0.08154475124521053
2,3,0.08120006840151608
3,4,0.0
4,5,0.0
5,6,0.06885869509322765
6,7,0.07584165412693128
7,8,0.0
