,TimeSpan,Team PlayeRank
0,1,0.0
1,2,0.07593614253481859
2,3,0.0
3,4,0.0
4,5,0.0
5,6,0.08277613596450151
6,7,0.07332580941210445
7,8,0.0
